{"cameraMode":{"drawMode":0,"name":"Shaded","section":"Shading Mode"},"sceneLighting":false,"audioPlay":false,"sceneViewState":{"m_AlwaysRefresh":false,"showFog":true,"showSkybox":false,"showFlares":true,"showImageEffects":true,"showParticleSystems":true,"showVisualEffectGraphs":true,"m_FxEnabled":true},"in2DMode":false,"pivot":{"x":1.1920928955078126e-7,"y":1.009767770767212,"z":-1.1920928955078126e-7},"rotation":{"x":0.11167031526565552,"y":0.3259945511817932,"z":-0.03881217911839485,"w":0.9379503130912781},"size":1.5430701971054078,"orthographic":false}